nke403vn,Vladimir Lenin,vladimir_lenin@sed.com
x2hcnn32,Salah al-Din,salah.al-din@arcu.com
k289qlos,Henry VII Holy Roman Emperor,henryviiholyromanemperor@vel.com
52n4gtqr,Barack Obama,barackobama@nunc.com
r06k4tiq,Julius Caesar,juliuscaesar@dui.com
wmnd1j99,William I.,william_i.@iaculis.com
6c59xjyj,Hammurabi,hammurabi@enim.com
685cwfna,Vladimir Lenin,vladimir.lenin@a.com
m6du98ty,Ashoka the Great,ashoka_the_great@dignissim.com
341bmcbg,Frederick the Great,frederickthegreat@lectus.com
099pjcjm,Moctezuma I,moctezumai@enim.com
65xy0lnr,Josip Broz Tito,josip_broz_tito@donec.com
qm591jpp,Pepin the Short,pepintheshort@ultrices.com
v5i39ect,Dmitry Donskoy,dmitry_donskoy@justo.com
c7sjzi51,Cleopatra,cleopatra@tristique.com
nx3ce22a,Ronald Reagan,ronald.reagan@interdum.com
487whfgt,Harry S. Truman,harry.s..truman@eu.com
0ygh42os,Nikola Jurišić,nikola.jurišić@neque.com
1nd1t4xu,Charles V Holy Roman Emperor,charlesvholyromanemperor@iaculis.com
jp263nww,James Madison,james_madison@vitae.com
i79u8ssn,Elizabeth I of England,elizabeth_i_of_england@tincidunt.com
g9gu62ga,Sultan Mehmed II,sultanmehmedii@integer.com
172qreqw,Abraham Lincoln,abraham.lincoln@faucibus.com
4b21tpuf,Otto von Bismarck,ottovonbismarck@eu.com
165xsxns,Sun Tzu,suntzu@malesuada.com
300qdeds,atilla the hun,atillathehun@quam.com
91hi6ksy,Boudicca,boudicca@commodo.com
1hvp57sc,Ho Chi Minh,hochiminh@non.com
936nyvcj,Hannibal,hannibal@gravida.com
687wesyr,Che Guevara,che.guevara@a.com
967yijtr,Selim I,selim.i@nulla.com
8v1p4tra,Franklin Delano Roosevelt Jr.,franklin.delano.roosevelt.jr.@id.com
721hoqwd,Alfred the Great,alfred_the_great@fermentum.com
lt337dlu,T. E. Lawrence of Arabia,t._e._lawrence_of_arabia@urna.com
230yihwr,Vladimir Putin,vladimir.putin@egestas.com
he73z6ye,Napoleon Bonaparte,napoleon_bonaparte@ac.com
5k1kicq9,Emperor Meiji,emperormeiji@volutpat.com
7e4c7thq,Augustus Caesar,augustuscaesar@mauris.com
q50g0pli,Constantine the Great,constantinethegreat@et.com
2qp76lhm,Eric the Red,ericthered@id.com
1wio12ni,Otto I the Great Holy Roman Emperor,ottoithegreatholyromanemperor@sed.com
ycbzx653,Allama Muhammad Iqbal,allamamuhammadiqbal@lectus.com
63b4rujs,Moses,moses@bibendum.com
p6teo90n,Queen Victoria,queen.victoria@lacus.com
229epeic,CYRUS the GREAT,cyrusthegreat@tristique.com
vcf39xk6,Quaid-e-Azam Muhammad Ali Jinnah,quaid-e-azammuhammadalijinnah@risus.com
uk247rjt,Woodrow Wilson,woodrow_wilson@aliquet.com
jch741hc,Sargon the Great,sargonthegreat@non.com
867cvynl,Alexander The Great,alexander_the_great@purus.com
uuv762du,Peter the Great,peter.the.great@amet.com