Vladimir Lenin,vladimir_lenin@sed.com,nke403vn
Salah al-Din,salah.al-din@arcu.com,x2hcnn32
Henry VII Holy Roman Emperor,henryviiholyromanemperor@vel.com,k289qlos
Barack Obama,barackobama@nunc.com,52n4gtqr
Julius Caesar,juliuscaesar@dui.com,r06k4tiq
William I.,william_i.@iaculis.com,wmnd1j99
Hammurabi,hammurabi@enim.com,6c59xjyj
Vladimir Lenin,vladimir.lenin@a.com,685cwfna
Ashoka the Great,ashoka_the_great@dignissim.com,m6du98ty
Frederick the Great,frederickthegreat@lectus.com,341bmcbg
Moctezuma I,moctezumai@enim.com,099pjcjm
Josip Broz Tito,josip_broz_tito@donec.com,65xy0lnr
Pepin the Short,pepintheshort@ultrices.com,qm591jpp
Dmitry Donskoy,dmitry_donskoy@justo.com,v5i39ect
Cleopatra,cleopatra@tristique.com,c7sjzi51
Ronald Reagan,ronald.reagan@interdum.com,nx3ce22a
Harry S. Truman,harry.s..truman@eu.com,487whfgt
Nikola Jurišić,nikola.jurišić@neque.com,0ygh42os
Charles V Holy Roman Emperor,charlesvholyromanemperor@iaculis.com,1nd1t4xu
James Madison,james_madison@vitae.com,jp263nww
Elizabeth I of England,elizabeth_i_of_england@tincidunt.com,i79u8ssn
Sultan Mehmed II,sultanmehmedii@integer.com,g9gu62ga
Abraham Lincoln,abraham.lincoln@faucibus.com,172qreqw
Otto von Bismarck,ottovonbismarck@eu.com,4b21tpuf
Sun Tzu,suntzu@malesuada.com,165xsxns
atilla the hun,atillathehun@quam.com,300qdeds
Boudicca,boudicca@commodo.com,91hi6ksy
Ho Chi Minh,hochiminh@non.com,1hvp57sc
Hannibal,hannibal@gravida.com,936nyvcj
Che Guevara,che.guevara@a.com,687wesyr
Selim I,selim.i@nulla.com,967yijtr
Franklin Delano Roosevelt Jr.,franklin.delano.roosevelt.jr.@id.com,8v1p4tra
Alfred the Great,alfred_the_great@fermentum.com,721hoqwd
T. E. Lawrence of Arabia,t._e._lawrence_of_arabia@urna.com,lt337dlu
Vladimir Putin,vladimir.putin@egestas.com,230yihwr
Napoleon Bonaparte,napoleon_bonaparte@ac.com,he73z6ye
Emperor Meiji,emperormeiji@volutpat.com,5k1kicq9
Augustus Caesar,augustuscaesar@mauris.com,7e4c7thq
Constantine the Great,constantinethegreat@et.com,q50g0pli
Eric the Red,ericthered@id.com,2qp76lhm
Otto I the Great Holy Roman Emperor,ottoithegreatholyromanemperor@sed.com,1wio12ni
Allama Muhammad Iqbal,allamamuhammadiqbal@lectus.com,ycbzx653
Moses,moses@bibendum.com,63b4rujs
Queen Victoria,queen.victoria@lacus.com,p6teo90n
CYRUS the GREAT,cyrusthegreat@tristique.com,229epeic
Quaid-e-Azam Muhammad Ali Jinnah,quaid-e-azammuhammadalijinnah@risus.com,vcf39xk6
Woodrow Wilson,woodrow_wilson@aliquet.com,uk247rjt
Sargon the Great,sargonthegreat@non.com,jch741hc
Alexander The Great,alexander_the_great@purus.com,867cvynl
Peter the Great,peter.the.great@amet.com,uuv762du
